display_name,stub,dropdown_parent
Essay
Moscow,/essay/moscow.html,Essay
Mas Lombard,/essay/mas-lombard.html,Essay
Mas St. Pierre,/essay/mas-st-pierre.html,Essay
Mas Lombard Encore,/essay/mas-lombard-encore.html,Essay
Chestnut Lodge,/essay/chestnut-lodge.html,Essay
Mas Lombard Fin,/essay/mas-lombard-fin.html,Essay
Browse Collection
by item,/browse.html,Browse Collection
by subject,/subjects.html,Browse Collection
by person,/people.html,Browse Collection
Timeline,/timeline.html,
About,/about.html,
